<?xml version="1.0" encoding="UTF-8"?>
<!--
    Descriptor for an XML Refactoring operation. 
    
    It contains the information needed for rendering and running an XML Refactoring operation:
    * name - the operation name;
    * description - the operation description;
    * script - the XQuery/XSLT script associated with this operation;
    * parameters - the operation parameters.    
    
    Note that the XQuery Update facility is not enabled by default. To develop an XQuery Update script you should:
    * create a new 'XQuery transformation' scenario
    * set the transformer to Saxon-EE XQuery
    * in the engine advanced options dialog check Enable XQuery Update ("-update:(on|off)")
-->
<refactoringOperationDescriptor 
  xmlns:xsi="http://www.w3.org/2001/XMLSchema-instance"
  xmlns="http://www.oxygenxml.com/ns/xmlRefactoring" id="convert-xpr-profiling-conditions" name="Convert .xpr profiling conditions">
  <description>Convert .xpr profiling conditions to DITAVAL and DITA subject scheme files.</description>
  <script type="XSLT" href="convert-xpr-profiling-conditions.xsl"/>
  <category>Profiling conditions</category>
  <parameters>
    <description>Configuration options</description>
    <parameter type="TEXT" name="attribute.names" label="Attributes to convert">
      <description>This is the list of attribute names to convert, space-separated.</description>
      <possibleValues>
        <value name="audience product props" default="true">audience product props</value>
      </possibleValues>
    </parameter>
    <parameter type="TEXT_CHOICE" name="to.files" label="When writing &lt;subjectScheme&gt; files">
      <description>Species how to distribute subject scheme elements across output files.</description>
      <possibleValues onlyPossibleValuesAllowed="true">
        <value name="one">Create a "profiling.ditamap" file that includes all value definitions</value>
        <value name="two">Create a "profiling.ditamap" file, plus a separate value definition file</value>
        <value name="many" default="true">Create a "profiling.ditamap" file, plus a definition file for each attribute/group</value>
      </possibleValues>
    </parameter>
  </parameters>
</refactoringOperationDescriptor>
