<?xml version="1.0" encoding="UTF-8"?>
<!--
    Descriptor for an XML Refactoring operation.

    It contains the information needed for rendering and running an XML Refactoring operation:
    * name - the operation name;
    * description - the operation description;
    * script - the XQuery/XSLT script associated with this operation;
    * parameters - the operation parameters.

    Note that the XQuery Update facility is not enabled by default. To develop an XQuery Update script you should:
    * create a new 'XQuery transformation' scenario
    * set the transformer to Saxon-EE XQuery
    * in the engine advanced options dialog check Enable XQuery Update ("-update:(on|off)")
-->
<refactoringOperationDescriptor
    xmlns:xsi="http://www.w3.org/2001/XMLSchema-instance"
    xmlns="http://www.oxygenxml.com/ns/xmlRefactoring" id="op_qcp_zbt_gyb" name="Insert element by content model">
    <description>Insert an element while considering content models.</description>
    <script type="XSLT" href="insert-by-content-model.xsl"/>
    <category>- Content insertion</category>
    <parameters>
        <description>Insertion configuration parameters</description>
        <parameter label="Insertion root element" name="element" type="TEXT" optional="false">
            <description>Insertion root element</description>
        </parameter>
        <parameter label="Element path inside root element" name="path" type="TEXT" optional="true">
            <description>Element path inside root element</description>
        </parameter>
        <parameter label="Content to insert" name="content" type="XML_FRAGMENT" optional="false">
            <description>XML content to insert</description>
        </parameter>
    </parameters>
</refactoringOperationDescriptor>
