<?xml version="1.0" encoding="UTF-8"?>
<!--
    Descriptor for an XML Refactoring operation. 
    
    It contains the information needed for rendering and running an XML Refactoring operation:
    * name - the operation name;
    * description - the operation description;
    * script - the XQuery/XSLT script associated with this operation;
    * parameters - the operation parameters.    
    
    Note that the XQuery Update facility is not enabled by default. To develop an XQuery Update script you should:
    * create a new 'XQuery transformation' scenario
    * set the transformer to Saxon-EE XQuery
    * in the engine advanced options dialog check Enable XQuery Update ("-update:(on|off)")
-->
<refactoringOperationDescriptor 
    xmlns:xsi="http://www.w3.org/2001/XMLSchema-instance"
    xmlns="http://www.oxygenxml.com/ns/xmlRefactoring" id="show-getKeyRefInfo" 
    name="Show API values for all @keyref references">
    <description>Show API values for all @keyref references.</description>    
    <script type="XSLT" href="show-getKeyRefInfo.xsl"/>
    <category>- My DITA Author Utilities</category>
    <parameters>
        <description>Configuration options</description>
        <parameter type="BOOLEAN" name="show.csv.messages" label="Show API values as CSV data via &lt;xsl:message>">
            <description>Show API values as CSV data via &lt;xsl:message>?</description>
            <possibleValues>
                <value name="false" default="true">false</value>
                <value name="true">true</value>
            </possibleValues>
        </parameter>
        <parameter type="BOOLEAN" name="add.comments" label="Add comments showing API values">
            <description>Add comments showing API values?</description>
            <possibleValues>
                <value name="false" default="true">false</value>
                <value name="true">true</value>
            </possibleValues>
        </parameter>
    </parameters>
</refactoringOperationDescriptor>
