<div><a type="application/rss+xml" href="/rss.xml">RSS</a>
|<a href="/oxygen_xml_blog.pdf">PDF</a>
|<a href="/oxygen_xml_blog.epub">EPUB</a>
    <!-- Global site tag (gtag.js) - Google Analytics -->
    <script async="true" src="https://www.googletagmanager.com/gtag/js?id=UA-2331448-3"></script>
    <script>
        window.dataLayer = window.dataLayer || [];
        function gtag(){dataLayer.push(arguments);}
        gtag('js', new Date());
        gtag('config', 'UA-2331448-3');
    </script>
</div>