<?xml version="1.0" encoding="utf-8"?>
<?xml-model href="https://www.dita-ot.org/rng/project.rnc" type="application/relax-ng-compact-syntax"?>
<project xmlns="https://www.dita-ot.org/project">

  <!-- book 1 (A and B conditions) -->
  <context id="context-book1-A" name="book1-A">
    <input href="../dita/book1.ditamap"/>
    <profile>
      <ditaval href="../ditaval/filter_A.ditaval"/>
    </profile>
  </context>

  <context id="context-book1-B" name="book1-B">
    <input href="../dita/book1.ditamap"/>
    <profile>
      <ditaval href="../ditaval/filter_B.ditaval"/>
    </profile>
  </context>

  <!-- book 2 (A and B conditions) -->
  <context id="context-book2-A" name="book2-A">
    <input href="../dita/book2.ditamap"/>
    <profile>
      <ditaval href="../ditaval/filter_A.ditaval"/>
    </profile>
  </context>

  <context id="context-book2-B" name="book2-B">
    <input href="../dita/book2.ditamap"/>
    <profile>
      <ditaval href="../ditaval/filter_B.ditaval"/>
    </profile>
  </context>

  <!-- online help (A and B conditions) -->
  <context id="context-olh-A" name="olh-A">
    <input href="../dita/olh.ditamap"/>
    <profile>
      <ditaval href="../ditaval/filter_A.ditaval"/>
    </profile>
  </context>

  <context id="context-olh-B" name="olh-B">
    <input href="../dita/olh.ditamap"/>
    <profile>
      <ditaval href="../ditaval/filter_B.ditaval"/>
    </profile>
  </context>

</project>
