<?xml version="1.0" encoding="utf-8"?>
<?xml-model href="https://www.dita-ot.org/rng/project.rnc" type="application/relax-ng-compact-syntax"?>
<project xmlns="https://www.dita-ot.org/project">

  <include href="contexts.xml"/>
  <include href="publications.xml"/>

  <!-- A online help - review (PDF and HTML5) -->
  <deliverable id="del-pdf-book1-review-A">
    <context idref="context-book1-A"/>
    <output href="review/olh-A/pdf"/>
    <publication idref="pub-pdf-review"/>
    <param name="outputFile.base" value="book1-A"/>
  </deliverable>

  <deliverable id="del-pdf-book2-review-A">
    <context idref="context-book2-A"/>
    <output href="review/olh-A/pdf"/>
    <publication idref="pub-pdf-review"/>
    <param name="outputFile.base" value="book2-A"/>
  </deliverable>

  <deliverable id="del-html-olh-review-A">
    <context idref="context-olh-A"/>
    <output href="review/olh-A"/>
    <publication idref="pub-html5-review"/>
  </deliverable>

</project>
