<?xml version="1.0" encoding="utf-8"?>
<?xml-model href="https://www.dita-ot.org/rng/project.rnc" type="application/relax-ng-compact-syntax"?>
<project xmlns="https://www.dita-ot.org/project">

  <!-- PDF and HTML5 transformations (review and final) -->
  <publication id="pub-pdf-review" transtype="pdf2">
    <param name="args.draft" value="yes"/>
    <profile>
      <ditaval href="../ditaval/flag_review.ditaval"/>
      <ditaval href="../ditaval/filter_pdf.ditaval"/>
    </profile>
  </publication>

  <publication id="pub-html5-review" transtype="html5">
    <param name="args.draft" value="yes"/>
    <profile>
      <ditaval href="../ditaval/flag_review.ditaval"/>
      <ditaval href="../ditaval/filter_olh.ditaval"/>
    </profile>
  </publication>

  <publication id="pub-pdf-final" transtype="pdf2">
    <param name="args.draft" value="no"/>
    <profile>
      <ditaval href="../ditaval/flag_final.ditaval"/>
      <ditaval href="../ditaval/filter_pdf.ditaval"/>
    </profile>
  </publication>

  <publication id="pub-html5-final" transtype="html5">
    <param name="args.draft" value="no"/>
    <profile>
      <ditaval href="../ditaval/flag_final.ditaval"/>
      <ditaval href="../ditaval/filter_olh.ditaval"/>
    </profile>
  </publication>

</project>
